ent,year,salario_promedio,lnw_promedio,educacion_promedio,formalidad,N
1,2007,113.51626133140296,4.475704753740708,9.280050346129642,1.0,3178
1,2008,126.6707810896367,4.565527255463529,9.274641148325358,1.0,3135
1,2009,119.19837529940737,4.531995387979852,9.534749729924378,1.0,2777
1,2010,124.17615894057084,4.554885592305032,9.68421052631579,1.0,2964
1,2011,118.49477023873311,4.541704568792793,9.625852660300136,1.0,2932
1,2012,119.73786610261948,4.553207093152462,9.72245179063361,1.0,2904
1,2013,119.16655053624588,4.575619319320763,9.541079408731523,1.0,2909
1,2014,124.89147517372855,4.616714029108151,9.786121354341267,1.0,2983
1,2015,125.5872679004349,4.647668030555176,9.860149355057706,1.0,2946
1,2016,142.13325158727847,4.73105857746416,9.89323467230444,1.0,2838
1,2017,136.01931561447225,4.742601268888803,9.838545454545455,1.0,2750
1,2018,145.00213735626298,4.800531710158653,9.92174871418075,1.0,2722
1,2019,151.93536602264612,4.857338374454442,10.185291997116078,1.0,2774
1,2020,172.50096187360066,4.966821081964668,10.497033158813263,1.0,2865
1,2023,210.08012223817957,5.172654117893372,10.654884961653885,1.0,2999
1,2024,234.9856893439832,5.276115033447376,10.820190476190476,1.0,2625
2,2007,145.37122912946046,4.791221583881816,9.241939120631342,1.0,4435
2,2008,159.39278298494958,4.852862082300349,9.314390467461045,1.0,4364
2,2009,149.58607404293696,4.801745208905826,9.318826868495742,1.0,4228
2,2010,152.9002880030189,4.782426455260418,9.299779032654063,1.0,4073
2,2011,148.5641082692511,4.7966914838867885,9.433010191399454,1.0,4023
2,2012,150.27020177455444,4.802006730593958,9.432629658587437,1.0,3837
2,2013,151.4820572962485,4.828759464824989,9.381798002219757,1.0,3604
2,2014,148.65730393019456,4.80586090601036,9.511682934043183,1.0,3381
2,2015,147.52520653253413,4.817594378934751,9.661623108665749,1.0,3635
2,2016,156.76170249037304,4.877505036984285,9.647879305436948,1.0,3513
2,2017,166.55648789484945,4.93785472889188,9.663699023549684,1.0,3482
2,2018,182.45018557356724,5.02149752282727,9.95373665480427,1.0,3372
2,2019,208.73252516064224,5.134490573657519,10.330739299610896,1.0,4369
2,2020,221.88948722397106,5.201986247341344,10.362073083353236,1.0,4187
2,2023,293.7517275795714,5.534354667185307,10.78046953046953,1.0,4004
2,2024,329.8540712700178,5.639868193793344,10.886485042735043,1.0,3744
3,2007,160.1873058882624,4.77909816471768,9.903117359413203,1.0,3272
3,2008,189.36810557552417,4.922099831954299,10.02618135376756,1.0,3132
3,2009,181.05356649125855,4.897559430427579,9.975512905360688,1.0,3022
3,2010,177.14764828694996,4.870958029708648,10.083189506385917,1.0,2897
3,2011,178.87669755961005,4.875765085021356,10.096971759101736,1.0,2939
3,2012,187.34941936399093,4.922726916436452,10.45242984257358,1.0,2922
3,2013,199.57732714273388,4.979369694230051,10.367221418234443,1.0,2764
3,2014,199.87047455751716,4.996452474895064,10.600627833972794,1.0,2867
3,2015,201.5137153429838,5.019570615771578,10.49269819193324,1.0,2876
3,2016,214.6596199702004,5.072369703409404,10.565820642978004,1.0,2955
3,2017,222.35307916735965,5.140110607185881,10.98415432311402,1.0,2903
3,2018,233.25100460480292,5.183840714223004,10.865904365904365,1.0,2886
3,2019,239.48919605957832,5.215523777419603,11.105027548209366,1.0,2904
3,2020,250.35939015796126,5.269652014785203,11.138541666666667,1.0,2880
3,2023,333.01139876773124,5.539812424180512,11.418955629338967,1.0,3313
3,2024,366.39438169899773,5.62530518157236,11.497133220910625,1.0,2965
4,2007,106.49312255688407,4.295921838551336,9.305115554401453,1.0,3851
4,2008,114.97921907647391,4.345276099543566,9.386065573770491,1.0,3660
4,2009,119.44244905961183,4.4193428827758305,9.55677943876213,1.0,3813
4,2010,125.57608128358584,4.439064965906351,9.818967709127893,1.0,3933
4,2011,126.0429296170096,4.489717753424229,9.740010378827192,1.0,3854
4,2012,132.90052379722428,4.519337933996692,9.978807294233613,1.0,4058
4,2013,136.9142846292807,4.588326624551566,9.959466393022062,1.0,3898
4,2014,143.2019112204891,4.617023687515609,10.332147395171537,1.0,3935
4,2015,145.48752888542575,4.659105100436089,10.306646138054914,1.0,3897
4,2016,156.13257702027423,4.727466029066775,10.37877551020408,1.0,3675
4,2017,148.20515434672546,4.708461784722067,10.455006337135615,1.0,3945
4,2018,154.40189934002143,4.73350650079083,10.4286476393705,1.0,3749
4,2019,159.19315950185714,4.783826585828479,10.836471498581377,1.0,3877
4,2020,194.69569685866801,4.918537494166132,10.869913928012519,1.0,5112
4,2023,219.08933641013442,5.092220455614782,10.990588669496217,1.0,5419
4,2024,262.7600059672758,5.273393206656902,11.281227436823105,1.0,5540
5,2007,136.0051214461006,4.582911066575389,9.88363201911589,1.0,4185
5,2008,141.75087344433226,4.630300720889214,9.906017741548789,1.0,4171
5,2009,133.52747471241858,4.5919994099588175,10.004207204838286,1.0,3803
5,2010,136.8704667371554,4.615966721913083,10.124556062912227,1.0,3942
5,2011,134.04996188254555,4.636478294646229,10.083204134366925,1.0,3870
5,2012,134.52078577199666,4.634349916505258,10.06058262438773,1.0,3879
5,2013,151.15272885371576,4.734305173280971,10.286344755970925,1.0,3852
5,2014,152.76826322519193,4.790532182874572,10.387780863418328,1.0,3961
5,2015,156.9831252329748,4.827917252381419,10.391722099039173,1.0,4059
5,2016,171.73637655088393,4.912032613195352,10.59036439227195,1.0,4089
5,2017,176.38746888111842,4.9418110030426154,10.510948905109489,1.0,3973
5,2018,179.9736384347866,4.973697645568335,10.485642219635235,1.0,5154
5,2019,197.64173699653045,5.065363133502621,10.793326790971541,1.0,5095
5,2020,214.86478022666077,5.134662040791425,10.971111502554166,1.0,5677
5,2023,248.4846933377028,5.313740822188196,11.076731025299601,1.0,6008
5,2024,283.91756885750016,5.448474671814484,11.234321653189578,1.0,5565
6,2007,130.34268195284614,4.5867712441727555,9.630727023319617,1.0,3645
6,2008,141.31655569994388,4.644405110057937,9.629050596930075,1.0,3518
6,2009,141.05611459996948,4.671384822039996,9.647009029345373,1.0,3544
6,2010,146.63802245703562,4.720150471453694,9.889513635085747,1.0,3557
6,2011,144.4269860793287,4.709386265602542,9.880862219632974,1.0,3433
6,2012,151.10839766493933,4.752994823720359,10.010206896551724,1.0,3625
6,2013,156.6395842033182,4.7862912231080275,10.000290107339715,1.0,3447
6,2014,165.0521168731401,4.830532377836588,10.275070821529745,1.0,3530
6,2015,161.85159002849835,4.816673649508153,10.08166576527853,1.0,3698
6,2016,174.6936296070605,4.914354844762527,10.253982300884955,1.0,3390
6,2017,169.36181708439798,4.897103274104783,10.279477279477279,1.0,3367
6,2018,182.89852142017196,4.947618866606139,10.435508815341787,1.0,3233
6,2019,191.09574256979707,5.010092871943102,10.167887862376553,1.0,3139
6,2020,207.9917773704131,5.090526633591964,10.59551282051282,1.0,3120
6,2023,250.03392993399922,5.300006948256722,10.94333843797856,1.0,3265
6,2024,289.8203504639915,5.440902785608143,10.922685656154629,1.0,2949
7,2007,98.99376110688685,4.130254428143112,8.751493693294977,1.0,4519
7,2008,103.18974548033287,4.1928880397636235,9.005165057264765,1.0,4453
7,2009,105.01056402229631,4.2220042467141035,9.14372197309417,1.0,4460
7,2010,108.39803483900042,4.259271047229589,9.230753605525086,1.0,4923
7,2011,110.48213325321022,4.2833228589533325,9.2814039408867,1.0,4872
7,2012,114.28238750901421,4.3413740401342515,9.457060280759702,1.0,4844
7,2013,120.69959153011776,4.382147188613883,9.605799537718008,1.0,4759
7,2014,118.57333870419131,4.3816471102588785,9.555437553101104,1.0,4708
7,2015,122.0258889691527,4.40743406130413,9.692225544639044,1.0,4682
7,2016,127.7049443660586,4.4613220601091435,9.74575542660649,1.0,4653
7,2017,125.69787065750552,4.455055734193748,9.640567066521266,1.0,4585
7,2018,132.53602288325254,4.54014090161132,10.128400184416781,1.0,4338
7,2019,144.57484841217206,4.588341052358885,10.292588369441278,1.0,4385
7,2020,155.08261686689673,4.67458567909354,10.507626310772164,1.0,6294
7,2023,187.33121246203729,4.895551093574672,10.77782945736434,1.0,6450
7,2024,205.56320743726124,5.027957579114268,10.982267152800796,1.0,6034
8,2007,135.4964544568469,4.664112644926003,9.589020771513352,1.0,3370
8,2008,159.1212353685715,4.686560524695112,9.635357463356266,1.0,3343
8,2009,141.30328040130854,4.695614292248719,9.7997227997228,1.0,2886
8,2010,143.86541089480374,4.648429930058953,9.81403858948769,1.0,3006
8,2011,130.11733093407375,4.657170208272428,9.678431372549019,1.0,2805
8,2012,144.4107009183222,4.715031786430917,9.744226731980406,1.0,2858
8,2013,149.22843751538895,4.755674037566036,10.098969072164948,1.0,2910
8,2014,145.81764591141402,4.77007811690728,10.216953171310017,1.0,3374
8,2015,153.74625869110457,4.833820317421089,10.09882217753519,1.0,3481
8,2016,171.69531206378844,4.9261209274194355,10.350939286686632,1.0,3673
8,2017,184.1614474549686,5.008170306373697,10.366718426501036,1.0,3864
8,2018,195.06651884520502,5.054547538051729,10.613683279268653,1.0,3391
8,2019,208.3321378505461,5.114390565289556,10.673115277223774,1.0,5014
8,2020,222.23813674802804,5.174172896646495,10.742809153894605,1.0,4763
8,2023,279.90400656248727,5.43919860387945,10.935709739019734,1.0,4713
8,2024,309.46144319726653,5.555390612754783,11.059068950373298,1.0,4554
9,2007,150.7357822381105,4.677964172786906,10.547286317842055,1.0,3077
9,2008,156.37137062187048,4.725256840298506,10.53224119902405,1.0,2869
9,2009,144.64667754112673,4.695168856215401,10.537718984626386,1.0,2797
9,2010,147.49473876046827,4.701768108880566,10.553308823529411,1.0,2720
9,2011,145.31391038862063,4.692352622981246,10.288721207307386,1.0,2518
9,2012,151.30435778834655,4.745508832502823,10.643830284157259,1.0,2569
9,2013,177.59590597574484,4.791627145842106,10.681104033970277,1.0,2355
9,2014,151.61419378136168,4.756891670909027,10.554433713784022,1.0,2278
9,2015,166.18273622985458,4.818012912868561,10.434593023255815,1.0,2064
9,2016,178.50904111416807,4.877263531610911,10.618928392588883,1.0,1997
9,2017,181.74233154394705,4.919235249836449,10.844130540672188,1.0,2053
9,2018,187.2721754810757,4.942640867884816,10.73050397877984,1.0,1885
9,2019,189.00877513236017,4.9613351620914505,10.738095238095237,1.0,1932
9,2020,211.512633169369,5.0618739161805175,11.061597690086622,1.0,2078
9,2023,255.82617806385628,5.217325878910558,11.253410283315844,1.0,1906
9,2024,304.35516755070154,5.37261421518796,11.664314516129032,1.0,1984
10,2007,109.3541958459928,4.402194265123384,9.800932273101179,1.0,3647
10,2008,116.33054855065805,4.468532157141986,9.829145728643216,1.0,3582
10,2009,117.45847594662969,4.492404647227579,10.070005858230815,1.0,3414
10,2010,113.84045764541837,4.484191483290615,10.045714285714286,1.0,3500
10,2011,116.07459541087627,4.502604125942061,9.987087517934002,1.0,3485
10,2012,119.89847263440808,4.525043779256303,10.00084388185654,1.0,3555
10,2013,123.54682719025288,4.542219488151808,9.96116788321168,1.0,3425
10,2014,126.68582976470202,4.577345872197331,10.134697617593158,1.0,3274
10,2015,129.56129627787396,4.6219959802338595,10.268780348471866,1.0,3501
10,2016,143.05125686738495,4.710469429383963,10.225704427832087,1.0,3478
10,2017,148.37746747808453,4.773167680357447,10.410206358059119,1.0,3586
10,2018,150.79752815587503,4.793860646958502,10.434331240946403,1.0,4142
10,2019,168.10074701954088,4.889054745191268,10.683090446449224,1.0,4323
10,2020,181.12153466732454,4.970249828017942,10.853770341508136,1.0,4363
10,2023,216.76927961791208,5.1681554106667305,11.174146845915201,1.0,4835
10,2024,243.30669059587717,5.279835755391115,11.32683461117196,1.0,4565
11,2007,119.50883677583774,4.559130175391727,8.310176125244618,1.0,5110
11,2008,118.52734205521057,4.563275663422647,8.45271749950229,1.0,5023
11,2009,113.60537757021768,4.520414621555407,8.479570345408593,1.0,4748
11,2010,112.88294270802295,4.5202208262079875,8.476704055220017,1.0,4636
11,2011,114.49198921630419,4.536912479203104,8.475801247580124,1.0,4649
11,2012,120.00222548894818,4.571175711413681,8.743789155325125,1.0,4629
11,2013,125.27084315452656,4.628439257023059,8.795794392523364,1.0,4280
11,2014,128.51973411163377,4.642283677919355,8.893786282519889,1.0,4651
11,2015,125.92484921644916,4.630096113567697,8.846836847946726,1.0,4505
11,2016,138.04320706915777,4.720914274655397,9.056465899025687,1.0,4516
11,2017,139.8945661554675,4.760765400184286,9.059882837925798,1.0,4609
11,2018,147.9587983588209,4.8259834969152156,9.246112237998648,1.0,4437
11,2019,165.8251643760473,4.93386651440042,9.306048300919,1.0,4679
11,2020,177.3972684892195,4.9889248098529,9.512556607657473,1.0,4858
11,2023,194.60267048381985,5.122363018652143,9.572628234226055,1.0,4406
11,2024,233.78796592272204,5.267704605473154,9.852480082241069,1.0,3891
12,2007,102.05191182364166,4.31879675337526,9.232669099073814,1.0,3563
12,2008,106.19312852794039,4.329716031646358,9.221095334685598,1.0,3451
12,2009,108.66252020225994,4.368408949483428,9.333646322378717,1.0,3195
12,2010,109.58579203261927,4.369462341322664,9.357164404223228,1.0,3315
12,2011,110.49004374632699,4.395846464598066,9.35854765506808,1.0,3305
12,2012,112.17101476315432,4.388042232139519,9.520668693009119,1.0,3290
12,2013,113.34586538150761,4.40697970191241,9.461411063265983,1.0,3019
12,2014,109.38711371728623,4.4153302105517716,9.513986013986013,1.0,3432
12,2015,112.46994391742172,4.440127146251376,9.55478861087144,1.0,3477
12,2016,119.25030069648844,4.500158278942876,9.43435279579858,1.0,3237
12,2017,127.30387654814008,4.552451483899524,9.641390728476821,1.0,3020
12,2018,124.93279394064477,4.55400329747596,9.558204768583451,1.0,2852
12,2019,126.81643014359736,4.575724839094294,9.645089285714286,1.0,3136
12,2020,139.869955288727,4.674334129881692,9.931165140511526,1.0,3167
12,2023,175.55195153424708,4.852700632117974,9.718950259383583,1.0,3277
12,2024,206.86562604284748,5.014080523652512,10.09642050951306,1.0,3101
13,2007,123.25940486435876,4.46383973188127,10.11123227917121,1.0,3668
13,2008,130.3597480036738,4.508437326405759,10.053540081919252,1.0,3418
13,2009,129.62201296078982,4.5395287263455515,10.270864270864271,1.0,3367
13,2010,130.99248059207605,4.536118031640243,10.146285053483666,1.0,3459
13,2011,132.00070470898797,4.5571988576069895,10.167836257309942,1.0,3420
13,2012,133.40107466615765,4.566572973099526,10.274571428571429,1.0,3500
13,2013,145.27107869089363,4.632707328006344,10.323335332933413,1.0,3334
13,2014,149.88554272452777,4.678989353298412,10.396848989298455,1.0,3364
13,2015,151.77377823930462,4.705739982620526,10.5929203539823,1.0,3503
13,2016,156.70494352164926,4.717816099680488,10.537381751602075,1.0,3277
13,2017,157.72572670112558,4.761325422660267,10.547619047619047,1.0,3024
13,2018,166.15314965582823,4.79763530355265,10.419597132127006,1.0,2929
13,2019,173.9752076062238,4.868562678294724,10.703789126853378,1.0,3035
13,2020,183.02153786636373,4.920788947504027,10.708794788273616,1.0,3070
13,2023,226.91523123608525,5.152368557648955,10.967919340054996,1.0,3273
13,2024,239.79987147950402,5.208712675746842,11.145310889728616,1.0,2911
14,2007,142.96479620192068,4.681596332961902,9.3465495608532,1.0,3985
14,2008,150.96263589076577,4.745486491774714,9.533003708281829,1.0,4045
14,2009,137.36280744395296,4.675538286717724,9.360651431573418,1.0,3807
14,2010,143.7949529783159,4.715445898069891,9.589579055441478,1.0,3896
14,2011,139.7735856296148,4.728949756031388,9.634435748548347,1.0,3961
14,2012,141.80165002737323,4.75096860223113,9.724315469225369,1.0,4273
14,2013,154.31638286656096,4.825285991603606,9.757215619694398,1.0,4123
14,2014,153.08100691775527,4.8221818653001245,10.023568230025925,1.0,4243
14,2015,157.60824581744882,4.836867881428871,10.044455421091628,1.0,4049
14,2016,171.31101210621088,4.916680216090624,9.991822131357015,1.0,3913
14,2017,167.35690901640993,4.931358606018133,10.149172699069286,1.0,3868
14,2018,174.5561268454626,4.988126357914776,10.180240694094598,1.0,3573
14,2019,185.00559679467034,5.050566496643795,10.013104013104012,1.0,3663
14,2020,200.68835448953627,5.110691926594444,10.169645312070388,1.0,3637
14,2023,233.2311440135777,5.294489560118043,10.439490445859873,1.0,4082
14,2024,264.73187208168423,5.4243711154836465,10.566402814423922,1.0,3411
15,2007,109.49316303930306,4.427469711837274,9.366797764438004,1.0,4831
15,2008,121.37088157048613,4.509311168779788,9.418799646954987,1.0,4532
15,2009,112.36106728777911,4.479635329983585,9.353351955307263,1.0,4296
15,2010,113.70225304553716,4.5090143586587,9.421601941747573,1.0,4120
15,2011,120.10333142328756,4.579589005778261,9.598622725036892,1.0,4066
15,2012,122.68541000826036,4.591766749646786,9.535976890756302,1.0,3808
15,2013,133.74423318768444,4.601916092401923,9.355197331851029,1.0,3598
15,2014,119.92985220127574,4.602311124416149,9.32124217118998,1.0,3832
15,2015,126.39183722789072,4.636531957026188,9.368934599156118,1.0,3792
15,2016,134.17555558408287,4.689932029991462,9.544548818673498,1.0,3513
15,2017,132.38325675569257,4.700194387051631,9.46583309101483,1.0,3439
15,2018,134.19107528960868,4.7298080558726605,9.594577553593947,1.0,3172
15,2019,140.568180493657,4.782119334127354,9.676928062216462,1.0,3086
15,2020,152.3632106528216,4.846366942325717,9.967465246968352,1.0,3381
15,2023,195.8403616041062,5.074918741006286,10.510164095028166,1.0,4083
15,2024,214.48840435701834,5.160180466961393,10.655619994476664,1.0,3621
16,2007,125.1461919843065,4.543480795971482,9.562125553529565,1.0,3839
16,2008,131.60494056542433,4.600332195425224,9.611486486486486,1.0,3848
16,2009,136.6054725641469,4.626025903576399,9.501544799176108,1.0,3884
16,2010,135.79072566144063,4.649590791334394,9.693110647181628,1.0,3832
16,2011,135.15491939580187,4.670046895502686,9.8271637816245,1.0,3755
16,2012,143.92397949221026,4.702450935263493,9.95197956577267,1.0,3915
16,2013,143.22587634641252,4.717050685868252,9.750063694267515,1.0,3925
16,2014,145.78302427160196,4.7429457485071005,10.013043478260869,1.0,4140
16,2015,154.19093451648118,4.775930990990512,10.145323741007195,1.0,4170
16,2016,164.74741993941873,4.844991141806599,10.100246913580246,1.0,4050
16,2017,161.95553127194867,4.861596202991638,10.343742376189315,1.0,4099
16,2018,167.72974921594323,4.887630926558381,10.028265851795263,1.0,3927
16,2019,185.1454915117965,4.991651069292974,10.212896874230864,1.0,4063
16,2020,195.3210609204051,5.038193161041213,10.442992569818088,1.0,3903
16,2023,221.54917282719785,5.18323039482977,10.409380155550318,1.0,4243
16,2024,257.36844445620875,5.308681121305774,10.596048869248765,1.0,3847
17,2007,102.27506823050355,4.382050108852751,8.989433962264151,1.0,2650
17,2008,104.30014871518954,4.405538620053181,9.057086614173228,1.0,2540
17,2009,110.46102558847934,4.460852619722402,9.385714285714286,1.0,2100
17,2010,103.96867569298924,4.439678122513826,9.024526678141136,1.0,2324
17,2011,106.95042242873919,4.467035954770592,9.25780906291245,1.0,2273
17,2012,116.33145841160098,4.518865340874644,9.386666666666667,1.0,2325
17,2013,111.62281328650154,4.519476941833912,9.257773771969356,1.0,2219
17,2014,109.13636412764168,4.507620177310897,8.986308068459659,1.0,2045
17,2015,114.57910281402808,4.547402846866732,9.178114637612506,1.0,2111
17,2016,117.83080782969094,4.589687572537632,9.135260712441921,1.0,1937
17,2017,117.200769047318,4.6082802155817255,9.472965879265091,1.0,1905
17,2018,127.13724276700115,4.661469916409742,9.366982710540993,1.0,1793
17,2019,124.87986950828238,4.671547453779774,9.395264116575593,1.0,1647
17,2020,133.80060965407753,4.747571628622428,9.703640500568829,1.0,1758
17,2023,181.07620240322595,5.035562819631279,10.089607635206788,1.0,1886
17,2024,186.78656146300668,5.06859138036608,9.933540372670807,1.0,1610
18,2007,128.39787218980396,4.532390861713028,10.05997425997426,1.0,3885
18,2008,139.72676224005045,4.603004797421876,10.033068443988721,1.0,3901
18,2009,134.0583873516874,4.618310860378621,10.260294865277071,1.0,3934
18,2010,140.44260788101522,4.628623948008608,10.274222109790033,1.0,3953
18,2011,138.77498472932288,4.644613038865826,10.29002557544757,1.0,3910
18,2012,140.09082322214823,4.659556150103716,10.636635887197405,1.0,4007
18,2013,144.7606302838666,4.700414369686699,10.53883744855967,1.0,3888
18,2014,155.50145313643856,4.757854106486581,10.58492881688758,1.0,4074
18,2015,149.06801107331935,4.729382220032129,10.561851941162287,1.0,4147
18,2016,162.63508102392183,4.810173735316653,10.684392777640365,1.0,4043
18,2017,163.32729400291933,4.845359889118889,10.777941176470588,1.0,4080
18,2018,175.95175192875442,4.912461116020869,10.87719298245614,1.0,4047
18,2019,190.55389836405698,4.964443977546892,10.811088295687885,1.0,3896
18,2020,201.08891532491236,5.017940863158221,11.010711553175211,1.0,3921
18,2023,241.2608603950283,5.266201893924825,11.189226204062999,1.0,4381
18,2024,279.87906490443174,5.398911893899975,11.375,1.0,4544
19,2007,165.37778395612412,4.767493326798481,9.951783355350067,1.0,4542
19,2008,169.774918833455,4.815034127011013,9.92356687898089,1.0,4396
19,2009,156.192414545814,4.769558627788161,9.884528301886792,1.0,3975
19,2010,164.34786748795855,4.789740986641765,9.959480122324159,1.0,3924
19,2011,157.0807248877208,4.780652570257695,9.821627647714605,1.0,3588
19,2012,153.35918153816056,4.792151219226216,9.706716850028952,1.0,3454
19,2013,160.41181128706043,4.841216143251409,9.63992707383774,1.0,3291
19,2014,162.97550145490075,4.859093785603281,9.665551839464882,1.0,3289
19,2015,168.87628206067336,4.90011607045872,9.752730582524272,1.0,3296
19,2016,172.5210561920691,4.937503101569488,9.931837307152875,1.0,3565
19,2017,189.58373059729522,5.013146955464353,9.963722866488254,1.0,3363
19,2018,191.00965026167964,5.0559841749002095,9.990548780487805,1.0,3280
19,2019,203.34276707217606,5.12667408017728,10.149057168512421,1.0,3341
19,2020,238.93148007447994,5.231364403688798,10.691584498968126,1.0,4361
19,2023,280.0635771893797,5.406496513744707,11.02060737527115,1.0,4610
19,2024,314.0835424392559,5.520767716505757,11.080084546735556,1.0,4258
20,2007,111.05684380506463,4.307669020832458,9.416666666666666,1.0,3732
20,2008,115.05232377095741,4.335130181907948,9.30854634650142,1.0,3873
20,2009,107.89017659776131,4.297297792473074,9.26047827204937,1.0,3889
20,2010,116.65050337361636,4.358511095647102,9.39379042690815,1.0,3865
20,2011,120.17113793668761,4.418308588450236,9.509644118446074,1.0,3681
20,2012,126.62721316025619,4.461409063861868,9.745046923879041,1.0,3836
20,2013,129.82280184544337,4.488048602139727,9.706632653061224,1.0,3528
20,2014,124.0793138966533,4.460802395613927,9.470311581422692,1.0,3402
20,2015,128.78451178397395,4.488174720129687,9.670816444701796,1.0,3454
20,2016,128.601648134017,4.513739700157324,9.596842744383729,1.0,3294
20,2017,136.2048474086723,4.55069462827329,9.597690086621752,1.0,3117
20,2018,146.46475254800288,4.613760123606233,9.84688995215311,1.0,2926
20,2019,147.39589114399644,4.625230460483895,9.828499369482977,1.0,3172
20,2020,164.62277516365444,4.722646118212447,10.041875552934238,1.0,3391
20,2023,191.77276278750853,4.911464594745216,10.306489675516223,1.0,3390
20,2024,215.56785086988998,5.05548189850025,10.512836970474968,1.0,3116
21,2007,108.05441825842271,4.361751579391824,9.249878581835842,1.0,4118
21,2008,111.46217784985687,4.385623528263747,9.155844155844155,1.0,3927
21,2009,108.5484281889706,4.3903968159103615,9.103148195546455,1.0,3907
21,2010,111.15676576250507,4.39344906367515,9.174858984689767,1.0,3723
21,2011,115.71663287379324,4.449245597447466,9.451543624161074,1.0,3725
21,2012,119.54182151113245,4.489133814518967,9.664788732394365,1.0,3905
21,2013,123.53781665018346,4.5246773289636755,9.596205237840726,1.0,3742
21,2014,124.59021220499815,4.536817426765284,9.723596701250333,1.0,3759
21,2015,127.32554943376407,4.580126837473462,9.68563263185243,1.0,3849
21,2016,137.18470467836048,4.6341417330509005,9.879469122426869,1.0,3692
21,2017,129.18871133116903,4.618059967905738,9.820710548058386,1.0,3631
21,2018,138.33779346334512,4.707510488732644,9.856213201115587,1.0,3227
21,2019,141.49932270740817,4.7484993310649255,9.898451459201906,1.0,3358
21,2020,152.30325132910784,4.7908236109421205,10.161369947547053,1.0,3241
21,2023,175.23719433816268,4.934386750781218,10.149171270718233,1.0,3620
21,2024,196.78942626781492,5.032028776183588,10.24336852948751,1.0,3883
22,2007,134.4648223660916,4.616360636612902,9.514720476347998,1.0,3023
22,2008,135.1816719578092,4.664565795210579,9.536799459824444,1.0,2962
22,2009,132.9429583115759,4.63664368657505,9.640817650876054,1.0,3082
22,2010,126.93975547878914,4.629515845848668,9.47112462006079,1.0,2961
22,2011,125.94253099652796,4.641412721017708,9.261109070877708,1.0,2723
22,2012,135.4144627776264,4.704242121166256,9.403379091869061,1.0,2841
22,2013,137.26291162625083,4.722720713034377,9.535454197010349,1.0,2609
22,2014,139.3607289489302,4.7579965489800236,9.671749598715891,1.0,2492
22,2015,142.3336436257894,4.759573463290636,9.504777070063694,1.0,2512
22,2016,154.50373515523725,4.8609062210102465,9.66965811965812,1.0,2340
22,2017,153.0781156974948,4.848026118849015,9.62277413308341,1.0,2134
22,2018,171.5078677804657,4.946459198965063,9.888584474885844,1.0,2190
22,2019,179.73648648324547,5.028087476546204,9.957859848484848,1.0,2112
22,2020,197.34748031406957,5.10614257875955,10.225820962663068,1.0,2223
22,2023,213.98475916489758,5.1882618456386815,10.222021660649819,1.0,2216
22,2024,252.42897290540418,5.305672750429156,10.352467270896273,1.0,1986
23,2007,141.51604252661943,4.644382998017484,9.206820950060902,1.0,4105
23,2008,154.29894786254766,4.707112521382226,9.190609849451391,1.0,3919
23,2009,150.70890042694532,4.69021444758687,9.243520518358531,1.0,3704
23,2010,146.74168323453023,4.672146303409927,9.348558378532687,1.0,3503
23,2011,141.99464900978032,4.678854297760027,9.35366568914956,1.0,3410
23,2012,146.07390995769336,4.683558669182201,9.417691857059168,1.0,3414
23,2013,150.58849588278332,4.736649290306027,9.637041640770665,1.0,3218
23,2014,140.19242850983414,4.714876204682144,9.706682794073178,1.0,3307
23,2015,149.7280020492385,4.739735942092983,9.704714640198512,1.0,3224
23,2016,152.9671309537035,4.805408646529682,9.899346793349169,1.0,3368
23,2017,159.7545398152275,4.85410858557778,10.148923263572945,1.0,3297
23,2018,166.1993622718785,4.901500789140115,10.25533311453889,1.0,3047
23,2019,173.62493802256742,4.963105189538437,10.361758630864562,1.0,3389
23,2020,192.67663126351238,5.023107028230925,10.275796178343949,1.0,3140
23,2023,227.21670939749168,5.240486414216979,10.700901949374455,1.0,3437
23,2024,265.86669014536193,5.385780949308535,10.704913209767579,1.0,3399
24,2007,118.24240975400626,4.424952131475898,9.543883708173341,1.0,3646
24,2008,128.04006696726174,4.500318863661822,9.814013101680432,1.0,3511
24,2009,128.04290440643123,4.485948455859627,9.776889981561155,1.0,3254
24,2010,124.3485011087952,4.510934651178162,9.8078125,1.0,3200
24,2011,114.82018715613637,4.453983741856826,9.729934210526316,1.0,3040
24,2012,128.53829805355522,4.5250222637923265,9.93486208042539,1.0,3009
24,2013,129.5214045511907,4.564490361349063,9.689972714870395,1.0,2932
24,2014,133.0896293573304,4.594737004989113,9.66983222538778,1.0,3159
24,2015,142.45250260423674,4.647109566849593,9.973834283797384,1.0,2981
24,2016,148.489282900893,4.711758019856155,9.938006340260655,1.0,2839
24,2017,150.60183385801724,4.731819385793074,10.004943502824858,1.0,2832
24,2018,168.16033647908418,4.84123056084354,10.05170068027211,1.0,2940
24,2019,179.19949439989813,4.909944027922578,10.238259668508288,1.0,2896
24,2020,194.85199517924354,4.980551169888083,10.513576158940397,1.0,3020
24,2023,235.44923195527642,5.207711879860354,10.648936170212766,1.0,3102
24,2024,260.39018969632644,5.326104659695219,10.96223205171827,1.0,2939
25,2007,147.98063170249893,4.678587670284842,10.17041071023372,1.0,4407
25,2008,156.0016615746502,4.742708390581564,10.192225645887651,1.0,4219
25,2009,146.8419816732335,4.726485401940468,10.270630202140309,1.0,4205
25,2010,150.5091518856369,4.755609758719979,10.291948658109686,1.0,4285
25,2011,155.56024056319274,4.778949955751985,10.35289801907557,1.0,4089
25,2012,163.8316266102823,4.7995634134899126,10.34703307392996,1.0,4112
25,2013,175.5155180973512,4.847292517561186,10.522678762006404,1.0,3748
25,2014,175.514032295542,4.844885797193373,10.726293103448276,1.0,3712
25,2015,178.67468711712542,4.886759880920387,10.960122699386503,1.0,3912
25,2016,176.38891170725387,4.92081518790007,10.773235213954756,1.0,3669
25,2017,186.07961449975633,4.9866961339993034,10.91147807255008,1.0,3694
25,2018,190.26564094595372,5.017751252857506,10.848352845085762,1.0,3673
25,2019,199.95250348768096,5.082085720074435,11.314971751412429,1.0,3540
25,2020,224.65946731446587,5.168415408952059,11.334319526627219,1.0,3718
25,2023,285.0721318019591,5.415513505782927,11.611096639749935,1.0,3839
25,2024,315.99282250393867,5.508035842639721,11.637362637362637,1.0,3640
26,2007,140.04863932821266,4.670849154120892,10.158251695553881,1.0,3981
26,2008,150.30062358608913,4.720587652821961,10.044331210191082,1.0,3925
26,2009,147.69373801962408,4.722604978021782,10.0488346281909,1.0,3604
26,2010,149.50206594833904,4.725981474699605,10.178204434829638,1.0,3698
26,2011,139.4833163955408,4.686287676648872,10.300082895827577,1.0,3619
26,2012,150.81090551060421,4.759313139338477,10.207705192629815,1.0,3582
26,2013,164.40421264690502,4.828814290966486,10.474674384949349,1.0,3455
26,2014,180.04105726445005,4.8952643692075295,10.663425793537318,1.0,3497
26,2015,179.74630061899578,4.907132416000705,10.954043569083856,1.0,3351
26,2016,184.15675703927238,4.933756225495216,10.778219639033344,1.0,3269
26,2017,195.3623215360974,4.978435496956033,10.788719227173575,1.0,3209
26,2018,196.05943909232167,5.030932253112164,10.871879106438897,1.0,3044
26,2019,206.99377497528445,5.087642934094837,11.102756892230577,1.0,3192
26,2020,218.1981817134226,5.149782938982917,11.231052470082847,1.0,3259
26,2023,255.38103603940465,5.312523731817597,11.39805547612239,1.0,3497
26,2024,274.61918924357417,5.435831684925634,11.424411400247832,1.0,3228
27,2007,130.27665202377153,4.528841229617099,10.201459166862792,1.0,4249
27,2008,151.26768132674653,4.632066219048819,10.302458405761113,1.0,4027
27,2009,138.51817235226224,4.592434148881454,10.354204872936862,1.0,3817
27,2010,146.39736144506855,4.635870511302294,10.375676372069055,1.0,3881
27,2011,139.70078715436603,4.644084985128535,10.406824146981627,1.0,3810
27,2012,145.15207835117306,4.657782523799858,10.578453666856168,1.0,3518
27,2013,155.2446855814867,4.738986296192086,10.672800460034503,1.0,3478
27,2014,158.93877288948514,4.77726817014125,10.493664060393638,1.0,3709
27,2015,162.68032590169327,4.819729518059747,10.651654910472056,1.0,3686
27,2016,156.57564327201527,4.815203939022154,10.622298065984072,1.0,3516
27,2017,160.93503348726142,4.794514205303026,10.644616265750287,1.0,3492
27,2018,156.77790353783192,4.805154726267684,10.69070266953053,1.0,3259
27,2019,162.87666261593517,4.8400071707381915,10.81195025781013,1.0,3297
27,2020,173.10238143793433,4.907276275788841,11.023952095808383,1.0,3507
27,2023,220.57551005292905,5.138670017926305,11.38577426525068,1.0,4049
27,2024,245.89111521418363,5.229090838689298,11.486009236620484,1.0,3681
28,2007,135.871791090543,4.580417966749456,9.852658227848101,1.0,3950
28,2008,140.91606359334116,4.602860255032121,9.79786150712831,1.0,3928
28,2009,143.732593160219,4.614378211428805,9.913139087410665,1.0,3638
28,2010,138.54747002334273,4.611512929805412,10.031172413793103,1.0,3625
28,2011,136.53006080975632,4.607381423354108,9.90299709958105,1.0,3103
28,2012,129.21382170293134,4.587068705257518,9.98989260897031,1.0,3166
28,2013,145.4710780868252,4.712617557044295,10.283350219520432,1.0,2961
28,2014,142.9433040851886,4.698773873164114,10.249458372021046,1.0,3231
28,2015,145.472305448896,4.734914847025951,10.258700338774252,1.0,3247
28,2016,152.2621835967276,4.762257332651942,10.311465167135271,1.0,3201
28,2017,158.011966969296,4.8056313429111555,10.441593517893315,1.0,2962
28,2018,169.60109509323786,4.880798701547029,10.540531335149863,1.0,2936
28,2019,178.89507717662724,4.953583781124101,10.315229439148748,1.0,4511
28,2020,187.90905793959777,5.030001370161315,10.595945115707558,1.0,4883
28,2023,238.30210221568893,5.286281951770638,11.023352165725047,1.0,5310
28,2024,274.3764290782932,5.403881304956942,11.220798015298739,1.0,4837
29,2007,91.50242793963132,4.219060796017067,9.335297418630752,1.0,3564
29,2008,99.9909222006929,4.296558505323818,9.440012662234885,1.0,3159
29,2009,101.36361600972455,4.300163120608546,9.312047399605003,1.0,3038
29,2010,100.45443062469828,4.328826228015604,9.573609226594302,1.0,2948
29,2011,102.65209525684118,4.344589847439909,9.53968253968254,1.0,2835
29,2012,105.61130747531266,4.3851284058041635,9.577829405907734,1.0,3013
29,2013,106.44693997914105,4.399638997617177,9.677316293929712,1.0,3130
29,2014,109.45292591789926,4.440506426061564,9.861702127659575,1.0,3196
29,2015,111.4285421825769,4.451858632455814,9.76624147137348,1.0,3371
29,2016,119.01794653090393,4.518132907168746,9.9,1.0,3380
29,2017,120.82145376583819,4.554246920136888,10.114040465971797,1.0,3262
29,2018,127.03125504753149,4.61042480781426,10.105849582172702,1.0,3231
29,2019,132.1420191898723,4.64277581523123,10.079217148182666,1.0,3219
29,2020,137.33375719842368,4.689894781317647,10.255338345864661,1.0,3325
29,2023,168.71267595672748,4.881125755772848,10.58441215323646,1.0,3785
29,2024,185.86205245800372,4.992773792266907,10.81318034716093,1.0,3399
30,2007,111.88151938143545,4.347415711168198,9.092707045735477,1.0,4045
30,2008,115.13288792893027,4.413162996466475,9.070497472732109,1.0,3759
30,2009,116.99507687804221,4.428614052127504,9.191134289439374,1.0,3835
30,2010,123.82171724015114,4.486570977635761,9.250401713979647,1.0,3734
30,2011,123.66621115509211,4.490560839817941,9.397905759162304,1.0,3438
30,2012,127.44728638826719,4.550699185682666,9.508512419759978,1.0,3583
30,2013,124.61880214751457,4.555502660880236,9.299240210403273,1.0,3422
30,2014,124.62642713166058,4.550565439000267,9.23929961089494,1.0,3598
30,2015,128.33459441138302,4.577020922184696,8.964017991004498,1.0,3335
30,2016,131.52420283498964,4.585405821534073,9.19425321759952,1.0,3341
30,2017,126.49416485652064,4.5754699237077405,9.205152671755725,1.0,3144
30,2018,133.37734104179327,4.626188972319032,9.089013898080742,1.0,3022
30,2019,135.35802758164832,4.669969052170203,9.600375234521575,1.0,3198
30,2020,155.3719553836546,4.756245878947308,9.711279826464208,1.0,4610
30,2023,195.04931879896574,5.004939680414721,10.330615572768039,1.0,4906
30,2024,221.20263894195472,5.1276373862111715,10.352517985611511,1.0,4865
31,2007,111.51649345667694,4.268611330260908,8.720779220779221,1.0,3850
31,2008,110.09539018239303,4.30155728335064,8.742105263157894,1.0,3800
31,2009,119.92536816047587,4.371301255765428,8.885814078452444,1.0,3722
31,2010,116.62230187937661,4.378868088762161,8.933911159263271,1.0,3692
31,2011,118.74430553306311,4.397281271269297,9.138786279683377,1.0,3790
31,2012,123.51190024396354,4.435898058394908,9.198103266596418,1.0,3796
31,2013,124.27438759804983,4.463882977468908,9.102370990237098,1.0,3585
31,2014,128.2855067042512,4.518949720836279,9.375416133162613,1.0,3905
31,2015,129.17409332741752,4.5577114879031635,9.415951539626452,1.0,3962
31,2016,136.46059485087844,4.600834855206674,9.445432497978981,1.0,3711
31,2017,141.41005149910958,4.629042208331267,9.619958093242536,1.0,3818
31,2018,154.02341384044936,4.715830193399122,9.712855209742896,1.0,3695
31,2019,163.5655971377494,4.776820683320079,9.868186582809225,1.0,3816
31,2020,174.11985378447156,4.873616431316454,9.970059880239521,1.0,3841
31,2023,223.83287162769585,5.130525644268097,10.401524172422006,1.0,4199
31,2024,258.2539074515226,5.27700455139588,10.56734483646665,1.0,3883
32,2007,126.22173555845933,4.53141053230389,10.141650422352177,1.0,3078
32,2008,125.60346580732603,4.521903510724287,10.090813831645127,1.0,2863
32,2009,128.04920596822765,4.535102903415456,10.183850517183851,1.0,2997
32,2010,124.22618683432329,4.5363215469483436,10.160213618157544,1.0,2996
32,2011,132.24369090743352,4.58570699483044,10.375796178343949,1.0,2826
32,2012,135.6254635144116,4.603063513207283,10.515854074326628,1.0,2933
32,2013,139.11559954563495,4.626913714802998,10.37995674116799,1.0,2774
32,2014,139.00569392945906,4.66606765287372,10.460521739130435,1.0,2875
32,2015,144.6150826810539,4.688486168792168,10.67483660130719,1.0,3060
32,2016,152.84980157688767,4.75267936407515,10.81103448275862,1.0,2900
32,2017,160.26071358385605,4.802442551348478,10.75621546961326,1.0,2896
32,2018,159.19832169097663,4.833058216468198,10.838743824982357,1.0,2834
32,2019,176.42072924130247,4.924489161431753,11.095564370717634,1.0,2773
32,2020,191.8970386589963,4.994646418809868,11.171591313634746,1.0,2809
32,2023,217.54459851866514,5.15633671437741,11.198641765704584,1.0,2945
32,2024,237.9244809935573,5.2674430102960015,11.36874771814531,1.0,2739
